algorithm,operation,size_bytes,runs,mean_ms,median_ms,stddev_ms,ci95_ms,ops_per_sec,throughput_MiB_per_sec
RSA-4096,keygen,0,30,509.892942,447.547129,273.224923,97.772283,1.961196,0.000000
RSA-4096-OAEP-SHA256,encrypt,190,30,0.076749,0.073984,0.006034,0.002159,13029.400843,2.360903
RSA-4096-OAEP-SHA256,decrypt,190,30,5.996818,4.305034,2.355837,0.843026,166.755098,0.030216
RSA-OAEP-AES-256-GCM,hybrid_encrypt,1024,30,0.113065,0.107454,0.010750,0.003847,8844.480425,8.637188
RSA-OAEP-AES-256-GCM,hybrid_decrypt,1024,30,4.937653,4.898769,0.271503,0.097156,202.525360,0.197779
RSA-OAEP-AES-256-GCM,hybrid_encrypt,1048576,30,6.800507,6.680359,0.500966,0.179268,147.047855,147.047855
RSA-OAEP-AES-256-GCM,hybrid_decrypt,1048576,30,12.089241,11.969121,0.512946,0.183555,82.718182,82.718182
RSA-OAEP-AES-256-GCM,hybrid_encrypt,104857600,30,1105.857395,1105.204665,43.250752,15.477083,0.904276,90.427573
RSA-OAEP-AES-256-GCM,hybrid_decrypt,104857600,30,1160.618044,1150.687811,74.478670,26.651850,0.861610,86.160990
